{
  "properties": {
    "WorldPivotData": {
      "OptionalCFrame": {
        "position": [
          323.40063,
          14.2530575,
          174.7808
        ],
        "orientation": [
          [
            1.0,
            -1.5000962e-8,
            -2.910383e-11
          ],
          [
            -1.500096e-8,
            1.0,
            0.0
          ],
          [
            -1.4551915e-11,
            0.0,
            0.99999994
          ]
        ]
      }
    }
  },
  "className": "Tool"
}